astar,4
bwaves,1
bzip2,1
bzip2,4
calculix,1
calculix,2
calculix,4
dealII,1
dealII,2
dealII,4
gamess,1
gamess,2
gamess,4
GemsFDTD,1
gobmk,1
gobmk,2
gobmk,4
gromacs,1
gromacs,2
gromacs,4
h264ref,1
h264ref,2
h264ref,4
hmmer,1
hmmer,2
hmmer,4
lbm,1
leslie3d,1
milc,1
namd,1
namd,2
namd,4
perlbench,4
povray,1
povray,2
povray,4
sjeng,1
sjeng,2
sjeng,4
sphinx3,1
sphinx3,2
tonto,1
tonto,2
tonto,4
zeusmp,1
zeusmp,2
zeusmp,4
bwaves,2
GemsFDTD,2
lbm,2
leslie3d,2
milc,2
milc,4
omnetpp,4
astar,1
astar,2
bzip2,2
cactusADM,1
cactusADM,2
cactusADM,4
gcc,1
gcc,2
gcc,4
perlbench,2
